final_budget,method,method_label,iter,mean_psnr,std_psnr,runs
640,floyd_steinberg_tensor,Floyd + tensor,0,15.29334831237793,1.5613064790628362,8
640,floyd_steinberg_tensor,Floyd + tensor,25,20.088817596435547,2.3770192417626386,8
640,floyd_steinberg_tensor,Floyd + tensor,50,21.246359825134277,2.504870271100719,8
640,floyd_steinberg_tensor,Floyd + tensor,75,21.827008485794067,2.604330665999469,8
640,floyd_steinberg_tensor,Floyd + tensor,100,22.273009777069092,2.623116044734193,8
640,floyd_steinberg_tensor,Floyd + tensor,125,22.973915338516235,2.7071960713401273,8
640,floyd_steinberg_tensor,Floyd + tensor,150,23.325857639312744,2.7296841627589634,8
640,floyd_steinberg_tensor,Floyd + tensor,175,23.362314224243164,2.6632254010608047,8
640,floyd_steinberg_tensor,Floyd + tensor,200,24.119952917099,2.8092073239769766,8
640,floyd_steinberg_tensor,Floyd + tensor,225,24.470327854156494,2.824834835552734,8
640,floyd_steinberg_tensor,Floyd + tensor,250,23.174856662750244,2.6610366771435205,8
640,floyd_steinberg_tensor,Floyd + tensor,275,24.951067686080933,2.8642629654853784,8
640,floyd_steinberg_tensor,Floyd + tensor,300,25.295424461364746,2.924179165885143,8
640,floyd_steinberg_tensor,Floyd + tensor,325,25.49833369255066,2.9724530162809204,8
640,floyd_steinberg_tensor,Floyd + tensor,350,25.568533182144165,2.95400835450218,8
640,floyd_steinberg_tensor,Floyd + tensor,375,25.970385313034058,3.0322704608729283,8
640,floyd_steinberg_tensor,Floyd + tensor,400,26.16330313682556,3.082810961607455,8
640,floyd_steinberg_tensor,Floyd + tensor,425,25.936863660812378,3.0146100674811946,8
640,floyd_steinberg_tensor,Floyd + tensor,450,26.559889554977417,3.1307939835705527,8
640,floyd_steinberg_tensor,Floyd + tensor,475,26.768962621688843,3.185899673522386,8
640,floyd_steinberg_tensor,Floyd + tensor,499,26.877734422683716,3.2306391836309487,8
640,gaussianimage_fixed_full,GaussianImage fixed,0,16.921491026878357,1.3030095812981073,8
640,gaussianimage_fixed_full,GaussianImage fixed,25,19.613539457321167,2.2620064801082282,8
640,gaussianimage_fixed_full,GaussianImage fixed,50,21.17857074737549,2.811125091844673,8
640,gaussianimage_fixed_full,GaussianImage fixed,75,22.4129421710968,3.23889609337382,8
640,gaussianimage_fixed_full,GaussianImage fixed,100,23.282307624816895,3.4565399945563304,8
640,gaussianimage_fixed_full,GaussianImage fixed,125,23.973259449005127,3.406251021279391,8
640,gaussianimage_fixed_full,GaussianImage fixed,150,24.454180002212524,3.3256156836698763,8
640,gaussianimage_fixed_full,GaussianImage fixed,175,24.82435417175293,3.2579039139021146,8
640,gaussianimage_fixed_full,GaussianImage fixed,200,25.057605028152466,3.246819387901241,8
640,gaussianimage_fixed_full,GaussianImage fixed,225,25.248908042907715,3.2315815501827356,8
640,gaussianimage_fixed_full,GaussianImage fixed,250,25.382827520370483,3.2131082014609706,8
640,gaussianimage_fixed_full,GaussianImage fixed,275,25.48742961883545,3.226319752968307,8
640,gaussianimage_fixed_full,GaussianImage fixed,300,25.59612011909485,3.264244787964752,8
640,gaussianimage_fixed_full,GaussianImage fixed,325,25.622557640075684,3.245252521827584,8
640,gaussianimage_fixed_full,GaussianImage fixed,350,25.69767713546753,3.2087597346536127,8
640,gaussianimage_fixed_full,GaussianImage fixed,375,25.717288970947266,3.2342248565996616,8
640,gaussianimage_fixed_full,GaussianImage fixed,400,25.687381505966187,3.262317713751072,8
640,gaussianimage_fixed_full,GaussianImage fixed,425,25.74881148338318,3.2758440652754675,8
640,gaussianimage_fixed_full,GaussianImage fixed,450,25.75505304336548,3.2074629541407176,8
640,gaussianimage_fixed_full,GaussianImage fixed,475,25.786182641983032,3.197895902302716,8
640,gaussianimage_fixed_full,GaussianImage fixed,499,25.79090690612793,3.197032411996576,8
640,gaussianimage_plus_residual,GaussianImage++ residual,0,16.083515167236328,1.232669305613153,8
640,gaussianimage_plus_residual,GaussianImage++ residual,25,18.380610466003418,2.0366827689431526,8
640,gaussianimage_plus_residual,GaussianImage++ residual,50,19.649680852890015,2.345910838686695,8
640,gaussianimage_plus_residual,GaussianImage++ residual,75,20.63621163368225,2.6821404680133716,8
640,gaussianimage_plus_residual,GaussianImage++ residual,100,20.93311858177185,2.748822672460966,8
640,gaussianimage_plus_residual,GaussianImage++ residual,125,21.923028230667114,3.1453839706140365,8
640,gaussianimage_plus_residual,GaussianImage++ residual,150,22.609306812286377,3.243544147064636,8
640,gaussianimage_plus_residual,GaussianImage++ residual,175,22.26097321510315,2.736746664836192,8
640,gaussianimage_plus_residual,GaussianImage++ residual,200,23.378437280654907,3.1610986435177577,8
640,gaussianimage_plus_residual,GaussianImage++ residual,225,23.961843252182007,3.24363539207074,8
640,gaussianimage_plus_residual,GaussianImage++ residual,250,22.13152766227722,2.3868625029481074,8
640,gaussianimage_plus_residual,GaussianImage++ residual,275,24.63013482093811,3.0738404487716364,8
640,gaussianimage_plus_residual,GaussianImage++ residual,300,25.178534984588623,3.118703400463277,8
640,gaussianimage_plus_residual,GaussianImage++ residual,325,25.51669955253601,3.1596399197240204,8
640,gaussianimage_plus_residual,GaussianImage++ residual,350,25.43052649497986,3.02864194963908,8
640,gaussianimage_plus_residual,GaussianImage++ residual,375,26.07503032684326,3.1842191115090657,8
640,gaussianimage_plus_residual,GaussianImage++ residual,400,26.363736152648926,3.298958437398298,8
640,gaussianimage_plus_residual,GaussianImage++ residual,425,25.746222734451294,2.98253448703883,8
640,gaussianimage_plus_residual,GaussianImage++ residual,450,26.70152711868286,3.2719444706167744,8
640,gaussianimage_plus_residual,GaussianImage++ residual,475,27.039703130722046,3.4325023850082035,8
640,gaussianimage_plus_residual,GaussianImage++ residual,499,27.21760654449463,3.497622390758352,8
640,image_gs_residual,Image-GS residual,0,16.011339902877808,1.2810216582294487,8
640,image_gs_residual,Image-GS residual,25,18.946464776992798,2.263863615095965,8
640,image_gs_residual,Image-GS residual,50,20.312662839889526,2.732723881625946,8
640,image_gs_residual,Image-GS residual,75,21.149731159210205,3.015383396680096,8
640,image_gs_residual,Image-GS residual,100,21.587857723236084,3.132389523021093,8
640,image_gs_residual,Image-GS residual,125,22.325775623321533,3.369643317197108,8
640,image_gs_residual,Image-GS residual,150,22.957642078399658,3.3233487940781243,8
640,image_gs_residual,Image-GS residual,175,22.890707969665527,2.9488555924638,8
640,image_gs_residual,Image-GS residual,200,23.857670545578003,3.1662024390329533,8
640,image_gs_residual,Image-GS residual,225,24.34261202812195,3.187628737236143,8
640,image_gs_residual,Image-GS residual,250,22.91329264640808,2.556746573183658,8
640,image_gs_residual,Image-GS residual,275,24.923176288604736,3.174387798959861,8
640,image_gs_residual,Image-GS residual,300,25.407144784927368,3.2413985244446977,8
640,image_gs_residual,Image-GS residual,325,25.737149953842163,3.260318100927555,8
640,image_gs_residual,Image-GS residual,350,25.709953546524048,3.184357815644179,8
640,image_gs_residual,Image-GS residual,375,26.225341081619263,3.30690602468758,8
640,image_gs_residual,Image-GS residual,400,26.500809907913208,3.379962041797678,8
640,image_gs_residual,Image-GS residual,425,26.020517110824585,3.1398209398696673,8
640,image_gs_residual,Image-GS residual,450,26.887696981430054,3.411581451502301,8
640,image_gs_residual,Image-GS residual,475,27.141077995300293,3.5039464092019874,8
640,image_gs_residual,Image-GS residual,499,27.2841157913208,3.5959042530347016,8
640,structsplat_flanking_tensor,SS flanking + tensor,0,16.625977516174316,1.3110239773943102,8
640,structsplat_flanking_tensor,SS flanking + tensor,25,20.741313695907593,2.384523241344653,8
640,structsplat_flanking_tensor,SS flanking + tensor,50,21.880338430404663,2.5097810086932317,8
640,structsplat_flanking_tensor,SS flanking + tensor,75,22.51173734664917,2.5804863499962067,8
640,structsplat_flanking_tensor,SS flanking + tensor,100,22.902669429779053,2.6556480298922858,8
640,structsplat_flanking_tensor,SS flanking + tensor,125,23.5646333694458,2.7642079576792753,8
640,structsplat_flanking_tensor,SS flanking + tensor,150,23.993406772613525,2.7837077754555946,8
640,structsplat_flanking_tensor,SS flanking + tensor,175,23.84828782081604,2.7180779020764416,8
640,structsplat_flanking_tensor,SS flanking + tensor,200,24.64502501487732,2.852344396269621,8
640,structsplat_flanking_tensor,SS flanking + tensor,225,24.995599508285522,2.903717293771475,8
640,structsplat_flanking_tensor,SS flanking + tensor,250,23.76628017425537,2.6232815910838596,8
640,structsplat_flanking_tensor,SS flanking + tensor,275,25.416889190673828,2.9781654097423966,8
640,structsplat_flanking_tensor,SS flanking + tensor,300,25.761122941970825,3.06163466050751,8
640,structsplat_flanking_tensor,SS flanking + tensor,325,25.93128800392151,3.0992742332273178,8
640,structsplat_flanking_tensor,SS flanking + tensor,350,25.935019493103027,3.078591247550098,8
640,structsplat_flanking_tensor,SS flanking + tensor,375,26.36785888671875,3.125054657880861,8
640,structsplat_flanking_tensor,SS flanking + tensor,400,26.551324367523193,3.168657723143631,8
640,structsplat_flanking_tensor,SS flanking + tensor,425,26.265868186950684,3.1342934334979344,8
640,structsplat_flanking_tensor,SS flanking + tensor,450,26.897835969924927,3.2305559909474257,8
640,structsplat_flanking_tensor,SS flanking + tensor,475,27.12829327583313,3.2967297071218913,8
640,structsplat_flanking_tensor,SS flanking + tensor,499,27.263084411621094,3.3410752124730134,8
640,structsplat_onedge_residual,SS on-edge + residual,0,16.551165223121643,1.3043055193108428,8
640,structsplat_onedge_residual,SS on-edge + residual,25,20.774927854537964,2.4168009761650984,8
640,structsplat_onedge_residual,SS on-edge + residual,50,21.922250747680664,2.562490360313718,8
640,structsplat_onedge_residual,SS on-edge + residual,75,22.57831835746765,2.6666834133889132,8
640,structsplat_onedge_residual,SS on-edge + residual,100,22.884904146194458,2.7093485656452576,8
640,structsplat_onedge_residual,SS on-edge + residual,125,23.461889266967773,2.8433185065709004,8
640,structsplat_onedge_residual,SS on-edge + residual,150,23.858959197998047,2.9332302526956235,8
640,structsplat_onedge_residual,SS on-edge + residual,175,23.685685396194458,2.811260182487026,8
640,structsplat_onedge_residual,SS on-edge + residual,200,24.50043821334839,2.9867423612140085,8
640,structsplat_onedge_residual,SS on-edge + residual,225,24.87665343284607,3.023946420266128,8
640,structsplat_onedge_residual,SS on-edge + residual,250,23.59002923965454,2.6389919679917844,8
640,structsplat_onedge_residual,SS on-edge + residual,275,25.326295137405396,3.0508224472013343,8
640,structsplat_onedge_residual,SS on-edge + residual,300,25.679163217544556,3.126476819264778,8
640,structsplat_onedge_residual,SS on-edge + residual,325,25.931479692459106,3.197271125761588,8
640,structsplat_onedge_residual,SS on-edge + residual,350,25.938661813735962,3.17814569046587,8
640,structsplat_onedge_residual,SS on-edge + residual,375,26.392977237701416,3.2652897632124045,8
640,structsplat_onedge_residual,SS on-edge + residual,400,26.617548942565918,3.3213497068847277,8
640,structsplat_onedge_residual,SS on-edge + residual,425,26.31072163581848,3.2515872532873775,8
640,structsplat_onedge_residual,SS on-edge + residual,450,27.003540515899658,3.376669379690019,8
640,structsplat_onedge_residual,SS on-edge + residual,475,27.250572681427002,3.439063914284574,8
640,structsplat_onedge_residual,SS on-edge + residual,499,27.398927688598633,3.5050932673343844,8
640,structsplat_onedge_residual_featurecap,SS on-edge + residual feature cap,0,17.072120308876038,1.5521458497332297,8
640,structsplat_onedge_residual_featurecap,SS on-edge + residual feature cap,25,20.995131254196167,2.4996658394011018,8
640,structsplat_onedge_residual_featurecap,SS on-edge + residual feature cap,50,22.13328981399536,2.61553937552643,8
640,structsplat_onedge_residual_featurecap,SS on-edge + residual feature cap,75,22.75366973876953,2.6684056058599768,8
640,structsplat_onedge_residual_featurecap,SS on-edge + residual feature cap,100,22.91661548614502,2.6878051344464904,8
640,structsplat_onedge_residual_featurecap,SS on-edge + residual feature cap,125,23.592833518981934,2.888114351749691,8
640,structsplat_onedge_residual_featurecap,SS on-edge + residual feature cap,150,24.055947065353394,3.004204331297505,8
640,structsplat_onedge_residual_featurecap,SS on-edge + residual feature cap,175,23.629976749420166,2.786736410548126,8
640,structsplat_onedge_residual_featurecap,SS on-edge + residual feature cap,200,24.624436378479004,3.0499691618280242,8
640,structsplat_onedge_residual_featurecap,SS on-edge + residual feature cap,225,25.041733264923096,3.098336552800699,8
640,structsplat_onedge_residual_featurecap,SS on-edge + residual feature cap,250,22.776999473571777,2.544841408029227,8
640,structsplat_onedge_residual_featurecap,SS on-edge + residual feature cap,275,25.416714429855347,3.134874616295489,8
640,structsplat_onedge_residual_featurecap,SS on-edge + residual feature cap,300,25.79808235168457,3.2510330161443513,8
640,structsplat_onedge_residual_featurecap,SS on-edge + residual feature cap,325,26.034045934677124,3.3139116102698716,8
640,structsplat_onedge_residual_featurecap,SS on-edge + residual feature cap,350,25.915470600128174,3.235553836965578,8
640,structsplat_onedge_residual_featurecap,SS on-edge + residual feature cap,375,26.47027587890625,3.357251103639799,8
640,structsplat_onedge_residual_featurecap,SS on-edge + residual feature cap,400,26.711278438568115,3.4360804134809793,8
640,structsplat_onedge_residual_featurecap,SS on-edge + residual feature cap,425,25.983933687210083,3.183841906989161,8
640,structsplat_onedge_residual_featurecap,SS on-edge + residual feature cap,450,27.04491949081421,3.4226203822659835,8
640,structsplat_onedge_residual_featurecap,SS on-edge + residual feature cap,475,27.31803297996521,3.5089134867470864,8
640,structsplat_onedge_residual_featurecap,SS on-edge + residual feature cap,499,27.461171627044678,3.5857793618105074,8
640,structsplat_onedge_residual_relocate,SS on-edge + residual relocate,0,16.551165223121643,1.3043055193108428,8
640,structsplat_onedge_residual_relocate,SS on-edge + residual relocate,25,20.77496099472046,2.416827461506698,8
640,structsplat_onedge_residual_relocate,SS on-edge + residual relocate,50,21.922423124313354,2.5620019822626743,8
640,structsplat_onedge_residual_relocate,SS on-edge + residual relocate,75,22.578304529190063,2.666235946331962,8
640,structsplat_onedge_residual_relocate,SS on-edge + residual relocate,100,22.576775550842285,2.651069033637141,8
640,structsplat_onedge_residual_relocate,SS on-edge + residual relocate,125,23.207530975341797,2.8009132981096654,8
640,structsplat_onedge_residual_relocate,SS on-edge + residual relocate,150,23.657947540283203,2.8947808942815585,8
640,structsplat_onedge_residual_relocate,SS on-edge + residual relocate,175,23.39562964439392,2.7693800683137093,8
640,structsplat_onedge_residual_relocate,SS on-edge + residual relocate,200,24.23927330970764,2.9294360370619454,8
640,structsplat_onedge_residual_relocate,SS on-edge + residual relocate,225,24.649369478225708,2.95773201855154,8
640,structsplat_onedge_residual_relocate,SS on-edge + residual relocate,250,23.175638675689697,2.4415740414776135,8
640,structsplat_onedge_residual_relocate,SS on-edge + residual relocate,275,25.05624794960022,2.9570872878361305,8
640,structsplat_onedge_residual_relocate,SS on-edge + residual relocate,300,25.46097445487976,3.032005428124256,8
640,structsplat_onedge_residual_relocate,SS on-edge + residual relocate,325,25.740315198898315,3.0853556036336993,8
640,structsplat_onedge_residual_relocate,SS on-edge + residual relocate,350,25.636954307556152,3.044884367296086,8
640,structsplat_onedge_residual_relocate,SS on-edge + residual relocate,375,26.137303590774536,3.1617998352309065,8
640,structsplat_onedge_residual_relocate,SS on-edge + residual relocate,400,26.41544771194458,3.2426045858256427,8
640,structsplat_onedge_residual_relocate,SS on-edge + residual relocate,425,25.98270869255066,3.111373244459071,8
640,structsplat_onedge_residual_relocate,SS on-edge + residual relocate,450,26.78453254699707,3.304211573026801,8
640,structsplat_onedge_residual_relocate,SS on-edge + residual relocate,475,27.051847457885742,3.384630096212031,8
640,structsplat_onedge_residual_relocate,SS on-edge + residual relocate,499,27.081523418426514,3.4578665896764678,8
640,structsplat_onedge_tensor,SS on-edge + tensor,0,16.551165223121643,1.3043055193108428,8
640,structsplat_onedge_tensor,SS on-edge + tensor,25,20.774946212768555,2.416840579975001,8
640,structsplat_onedge_tensor,SS on-edge + tensor,50,21.922422647476196,2.5621949773327892,8
640,structsplat_onedge_tensor,SS on-edge + tensor,75,22.578312873840332,2.666227312758225,8
640,structsplat_onedge_tensor,SS on-edge + tensor,100,22.98770046234131,2.753557621349671,8
640,structsplat_onedge_tensor,SS on-edge + tensor,125,23.66103982925415,2.8259198992564616,8
640,structsplat_onedge_tensor,SS on-edge + tensor,150,24.050418615341187,2.8271791912944275,8
640,structsplat_onedge_tensor,SS on-edge + tensor,175,23.870901823043823,2.7351702660410204,8
640,structsplat_onedge_tensor,SS on-edge + tensor,200,24.678838968276978,2.898743514811044,8
640,structsplat_onedge_tensor,SS on-edge + tensor,225,25.011592626571655,2.947446434189294,8
640,structsplat_onedge_tensor,SS on-edge + tensor,250,23.721208095550537,2.725231279306623,8
640,structsplat_onedge_tensor,SS on-edge + tensor,275,25.399996995925903,3.030490451924888,8
640,structsplat_onedge_tensor,SS on-edge + tensor,300,25.71293067932129,3.0793401253227954,8
640,structsplat_onedge_tensor,SS on-edge + tensor,325,25.890425443649292,3.1070626213439576,8
640,structsplat_onedge_tensor,SS on-edge + tensor,350,25.893306493759155,3.0812820446472764,8
640,structsplat_onedge_tensor,SS on-edge + tensor,375,26.30019474029541,3.1416574896390976,8
640,structsplat_onedge_tensor,SS on-edge + tensor,400,26.486287355422974,3.172433508509789,8
640,structsplat_onedge_tensor,SS on-edge + tensor,425,26.22145986557007,3.1261807115218705,8
640,structsplat_onedge_tensor,SS on-edge + tensor,450,26.850155353546143,3.2400051364453515,8
640,structsplat_onedge_tensor,SS on-edge + tensor,475,27.057568073272705,3.3065306628291817,8
640,structsplat_onedge_tensor,SS on-edge + tensor,499,27.179083108901978,3.3566486732185434,8
640,structsplat_onedge_tensor_featurecap,SS on-edge + tensor feature cap,0,17.072120308876038,1.5521458497332297,8
640,structsplat_onedge_tensor_featurecap,SS on-edge + tensor feature cap,25,20.99516773223877,2.499678397229097,8
640,structsplat_onedge_tensor_featurecap,SS on-edge + tensor feature cap,50,22.13336682319641,2.6154767117399085,8
640,structsplat_onedge_tensor_featurecap,SS on-edge + tensor feature cap,75,22.75337553024292,2.667600916354967,8
640,structsplat_onedge_tensor_featurecap,SS on-edge + tensor feature cap,100,23.113009214401245,2.7926181715068337,8
640,structsplat_onedge_tensor_featurecap,SS on-edge + tensor feature cap,125,23.88411045074463,2.914292583797988,8
640,structsplat_onedge_tensor_featurecap,SS on-edge + tensor feature cap,150,24.34962487220764,2.953827109885573,8
640,structsplat_onedge_tensor_featurecap,SS on-edge + tensor feature cap,175,24.042502880096436,2.8306646835461207,8
640,structsplat_onedge_tensor_featurecap,SS on-edge + tensor feature cap,200,25.016161918640137,3.084579357218055,8
640,structsplat_onedge_tensor_featurecap,SS on-edge + tensor feature cap,225,25.38231325149536,3.181121854258739,8
640,structsplat_onedge_tensor_featurecap,SS on-edge + tensor feature cap,250,23.290071487426758,2.639802685741494,8
640,structsplat_onedge_tensor_featurecap,SS on-edge + tensor feature cap,275,25.781474590301514,3.254729360900053,8
640,structsplat_onedge_tensor_featurecap,SS on-edge + tensor feature cap,300,26.151824474334717,3.377611037989403,8
640,structsplat_onedge_tensor_featurecap,SS on-edge + tensor feature cap,325,26.34260582923889,3.4396996629917083,8
640,structsplat_onedge_tensor_featurecap,SS on-edge + tensor feature cap,350,26.272555351257324,3.38082605152236,8
640,structsplat_onedge_tensor_featurecap,SS on-edge + tensor feature cap,375,26.78941535949707,3.522819848957437,8
640,structsplat_onedge_tensor_featurecap,SS on-edge + tensor feature cap,400,26.956244468688965,3.6068783205473127,8
640,structsplat_onedge_tensor_featurecap,SS on-edge + tensor feature cap,425,26.4549617767334,3.362381463514143,8
640,structsplat_onedge_tensor_featurecap,SS on-edge + tensor feature cap,450,27.324298620224,3.6515378728326913,8
640,structsplat_onedge_tensor_featurecap,SS on-edge + tensor feature cap,475,27.540594816207886,3.714930581917884,8
640,structsplat_onedge_tensor_featurecap,SS on-edge + tensor feature cap,499,27.674832105636597,3.7608349770576286,8
640,structsplat_quadtree_hybrid_tensor,SS qt-hybrid + tensor,0,16.89967107772827,1.3393190588329469,8
640,structsplat_quadtree_hybrid_tensor,SS qt-hybrid + tensor,25,20.702335357666016,2.348358119923567,8
640,structsplat_quadtree_hybrid_tensor,SS qt-hybrid + tensor,50,21.864464044570923,2.539386583111371,8
640,structsplat_quadtree_hybrid_tensor,SS qt-hybrid + tensor,75,22.54870867729187,2.5934738350735858,8
640,structsplat_quadtree_hybrid_tensor,SS qt-hybrid + tensor,100,22.88084626197815,2.648992150082615,8
640,structsplat_quadtree_hybrid_tensor,SS qt-hybrid + tensor,125,23.53962469100952,2.731657606343987,8
640,structsplat_quadtree_hybrid_tensor,SS qt-hybrid + tensor,150,23.934436321258545,2.7382048354333843,8
640,structsplat_quadtree_hybrid_tensor,SS qt-hybrid + tensor,175,23.814265727996826,2.5813327752189505,8
640,structsplat_quadtree_hybrid_tensor,SS qt-hybrid + tensor,200,24.623268365859985,2.7941273505952737,8
640,structsplat_quadtree_hybrid_tensor,SS qt-hybrid + tensor,225,24.98992395401001,2.843487983226207,8
640,structsplat_quadtree_hybrid_tensor,SS qt-hybrid + tensor,250,23.762239456176758,2.5601513625464456,8
640,structsplat_quadtree_hybrid_tensor,SS qt-hybrid + tensor,275,25.409695148468018,2.913643810062867,8
640,structsplat_quadtree_hybrid_tensor,SS qt-hybrid + tensor,300,25.745177268981934,2.989445329978175,8
640,structsplat_quadtree_hybrid_tensor,SS qt-hybrid + tensor,325,25.927412509918213,3.0387862360820015,8
640,structsplat_quadtree_hybrid_tensor,SS qt-hybrid + tensor,350,25.901087522506714,3.01956913937062,8
640,structsplat_quadtree_hybrid_tensor,SS qt-hybrid + tensor,375,26.323858976364136,3.1127625744937677,8
640,structsplat_quadtree_hybrid_tensor,SS qt-hybrid + tensor,400,26.532652616500854,3.1658997495086822,8
640,structsplat_quadtree_hybrid_tensor,SS qt-hybrid + tensor,425,26.22818899154663,3.153319884610859,8
640,structsplat_quadtree_hybrid_tensor,SS qt-hybrid + tensor,450,26.907939910888672,3.2501256413603863,8
640,structsplat_quadtree_hybrid_tensor,SS qt-hybrid + tensor,475,27.120439052581787,3.304869148432622,8
640,structsplat_quadtree_hybrid_tensor,SS qt-hybrid + tensor,499,27.250813245773315,3.3441880706587224,8
640,structsplat_quadtree_wse_residual,SS qt-WSE + residual,0,16.681182265281677,1.2769091935474515,8
640,structsplat_quadtree_wse_residual,SS qt-WSE + residual,25,20.612200021743774,2.4121633968223017,8
640,structsplat_quadtree_wse_residual,SS qt-WSE + residual,50,21.789376258850098,2.5782499706364153,8
640,structsplat_quadtree_wse_residual,SS qt-WSE + residual,75,22.47723913192749,2.6554034114456417,8
640,structsplat_quadtree_wse_residual,SS qt-WSE + residual,100,22.807376623153687,2.6279017287456963,8
640,structsplat_quadtree_wse_residual,SS qt-WSE + residual,125,23.426126718521118,2.814388303843876,8
640,structsplat_quadtree_wse_residual,SS qt-WSE + residual,150,23.834477424621582,2.9385455640169993,8
640,structsplat_quadtree_wse_residual,SS qt-WSE + residual,175,23.71697974205017,2.8038137752470376,8
640,structsplat_quadtree_wse_residual,SS qt-WSE + residual,200,24.438849687576294,3.0214332708512814,8
640,structsplat_quadtree_wse_residual,SS qt-WSE + residual,225,24.834102392196655,3.0178600030379283,8
640,structsplat_quadtree_wse_residual,SS qt-WSE + residual,250,23.730944633483887,2.665704619742838,8
640,structsplat_quadtree_wse_residual,SS qt-WSE + residual,275,25.299644231796265,3.0536771852638736,8
640,structsplat_quadtree_wse_residual,SS qt-WSE + residual,300,25.65016508102417,3.1095028338787536,8
640,structsplat_quadtree_wse_residual,SS qt-WSE + residual,325,25.88578724861145,3.1531792231727036,8
640,structsplat_quadtree_wse_residual,SS qt-WSE + residual,350,25.89236044883728,3.133461657869111,8
640,structsplat_quadtree_wse_residual,SS qt-WSE + residual,375,26.32780957221985,3.2213755385207823,8
640,structsplat_quadtree_wse_residual,SS qt-WSE + residual,400,26.555941343307495,3.2960436205560826,8
640,structsplat_quadtree_wse_residual,SS qt-WSE + residual,425,26.2536404132843,3.263950130321913,8
640,structsplat_quadtree_wse_residual,SS qt-WSE + residual,450,26.94914436340332,3.37712962798119,8
640,structsplat_quadtree_wse_residual,SS qt-WSE + residual,475,27.206111669540405,3.4554674349214074,8
640,structsplat_quadtree_wse_residual,SS qt-WSE + residual,499,27.352540493011475,3.5131061832166237,8
640,structsplat_quadtree_wse_residual_featurecap,SS qt-WSE + residual feature cap,0,17.171052932739258,1.5321552594446806,8
640,structsplat_quadtree_wse_residual_featurecap,SS qt-WSE + residual feature cap,25,20.868553161621094,2.533377741481413,8
640,structsplat_quadtree_wse_residual_featurecap,SS qt-WSE + residual feature cap,50,22.06463861465454,2.6233615447642498,8
640,structsplat_quadtree_wse_residual_featurecap,SS qt-WSE + residual feature cap,75,22.71911597251892,2.696515326210188,8
640,structsplat_quadtree_wse_residual_featurecap,SS qt-WSE + residual feature cap,100,22.914165496826172,2.6429417180650563,8
640,structsplat_quadtree_wse_residual_featurecap,SS qt-WSE + residual feature cap,125,23.608806610107422,2.8644369017080074,8
640,structsplat_quadtree_wse_residual_featurecap,SS qt-WSE + residual feature cap,150,24.055180549621582,2.9723026432893644,8
640,structsplat_quadtree_wse_residual_featurecap,SS qt-WSE + residual feature cap,175,23.70183563232422,2.75725991542461,8
640,structsplat_quadtree_wse_residual_featurecap,SS qt-WSE + residual feature cap,200,24.668083906173706,3.023384113124058,8
640,structsplat_quadtree_wse_residual_featurecap,SS qt-WSE + residual feature cap,225,25.030174732208252,3.1111729968408603,8
640,structsplat_quadtree_wse_residual_featurecap,SS qt-WSE + residual feature cap,250,22.948221921920776,2.640268327496487,8
640,structsplat_quadtree_wse_residual_featurecap,SS qt-WSE + residual feature cap,275,25.416972875595093,3.1410430487402805,8
640,structsplat_quadtree_wse_residual_featurecap,SS qt-WSE + residual feature cap,300,25.804436922073364,3.220833707512909,8
640,structsplat_quadtree_wse_residual_featurecap,SS qt-WSE + residual feature cap,325,26.009164571762085,3.3131309876797332,8
640,structsplat_quadtree_wse_residual_featurecap,SS qt-WSE + residual feature cap,350,25.869450330734253,3.2484864200302517,8
640,structsplat_quadtree_wse_residual_featurecap,SS qt-WSE + residual feature cap,375,26.421801567077637,3.3888457371324447,8
640,structsplat_quadtree_wse_residual_featurecap,SS qt-WSE + residual feature cap,400,26.551941394805908,3.573383678039589,8
640,structsplat_quadtree_wse_residual_featurecap,SS qt-WSE + residual feature cap,425,26.134459495544434,3.2128560427790114,8
640,structsplat_quadtree_wse_residual_featurecap,SS qt-WSE + residual feature cap,450,27.00819730758667,3.517889475576741,8
640,structsplat_quadtree_wse_residual_featurecap,SS qt-WSE + residual feature cap,475,27.164669036865234,3.589163679062403,8
640,structsplat_quadtree_wse_residual_featurecap,SS qt-WSE + residual feature cap,499,27.283308267593384,3.7054864813289026,8
640,structsplat_quadtree_wse_residual_relocate,SS qt-WSE + residual relocate,0,16.681182265281677,1.2769091935474515,8
640,structsplat_quadtree_wse_residual_relocate,SS qt-WSE + residual relocate,25,20.61220097541809,2.4121978917089453,8
640,structsplat_quadtree_wse_residual_relocate,SS qt-WSE + residual relocate,50,21.789361476898193,2.5779810733127446,8
640,structsplat_quadtree_wse_residual_relocate,SS qt-WSE + residual relocate,75,22.477534532546997,2.655416809762417,8
640,structsplat_quadtree_wse_residual_relocate,SS qt-WSE + residual relocate,100,22.53859305381775,2.593702674104347,8
640,structsplat_quadtree_wse_residual_relocate,SS qt-WSE + residual relocate,125,23.191653728485107,2.7851351308253234,8
640,structsplat_quadtree_wse_residual_relocate,SS qt-WSE + residual relocate,150,23.656174898147583,2.8999741082866586,8
640,structsplat_quadtree_wse_residual_relocate,SS qt-WSE + residual relocate,175,23.41463613510132,2.757091841093072,8
640,structsplat_quadtree_wse_residual_relocate,SS qt-WSE + residual relocate,200,24.24036741256714,2.964321631047828,8
640,structsplat_quadtree_wse_residual_relocate,SS qt-WSE + residual relocate,225,24.662765741348267,2.9683097236974434,8
640,structsplat_quadtree_wse_residual_relocate,SS qt-WSE + residual relocate,250,23.267035961151123,2.563934802465504,8
640,structsplat_quadtree_wse_residual_relocate,SS qt-WSE + residual relocate,275,25.058475971221924,2.9413193348699904,8
640,structsplat_quadtree_wse_residual_relocate,SS qt-WSE + residual relocate,300,25.4559485912323,2.9814840005544814,8
640,structsplat_quadtree_wse_residual_relocate,SS qt-WSE + residual relocate,325,25.7320396900177,3.0324900506610537,8
640,structsplat_quadtree_wse_residual_relocate,SS qt-WSE + residual relocate,350,25.69592523574829,3.016855326398323,8
640,structsplat_quadtree_wse_residual_relocate,SS qt-WSE + residual relocate,375,26.18743634223938,3.094112509434544,8
640,structsplat_quadtree_wse_residual_relocate,SS qt-WSE + residual relocate,400,26.44765305519104,3.1760150923420127,8
640,structsplat_quadtree_wse_residual_relocate,SS qt-WSE + residual relocate,425,26.07383441925049,3.06607050336581,8
640,structsplat_quadtree_wse_residual_relocate,SS qt-WSE + residual relocate,450,26.812114715576172,3.2635132319273996,8
640,structsplat_quadtree_wse_residual_relocate,SS qt-WSE + residual relocate,475,27.070510625839233,3.3363067059624814,8
640,structsplat_quadtree_wse_residual_relocate,SS qt-WSE + residual relocate,499,27.11365842819214,3.370735728326221,8
640,structsplat_quadtree_wse_tensor,SS qt-WSE + tensor,0,16.681182503700256,1.276909302580165,8
640,structsplat_quadtree_wse_tensor,SS qt-WSE + tensor,25,20.61217975616455,2.412147742971244,8
640,structsplat_quadtree_wse_tensor,SS qt-WSE + tensor,50,21.789331436157227,2.5781514204099287,8
640,structsplat_quadtree_wse_tensor,SS qt-WSE + tensor,75,22.47631287574768,2.6566819191619233,8
640,structsplat_quadtree_wse_tensor,SS qt-WSE + tensor,100,22.92012667655945,2.6838177309891766,8
640,structsplat_quadtree_wse_tensor,SS qt-WSE + tensor,125,23.54895043373108,2.8005612981808308,8
640,structsplat_quadtree_wse_tensor,SS qt-WSE + tensor,150,23.939265966415405,2.8320767820470687,8
640,structsplat_quadtree_wse_tensor,SS qt-WSE + tensor,175,23.84423041343689,2.7349114728753143,8
640,structsplat_quadtree_wse_tensor,SS qt-WSE + tensor,200,24.616472005844116,2.889087974545234,8
640,structsplat_quadtree_wse_tensor,SS qt-WSE + tensor,225,24.94589400291443,2.9289307508328744,8
640,structsplat_quadtree_wse_tensor,SS qt-WSE + tensor,250,23.875054121017456,2.5710438869018666,8
640,structsplat_quadtree_wse_tensor,SS qt-WSE + tensor,275,25.380783557891846,2.986589739513764,8
640,structsplat_quadtree_wse_tensor,SS qt-WSE + tensor,300,25.705459594726562,3.0536871982646896,8
640,structsplat_quadtree_wse_tensor,SS qt-WSE + tensor,325,25.887146949768066,3.087768503582172,8
640,structsplat_quadtree_wse_tensor,SS qt-WSE + tensor,350,25.90787434577942,3.0606906131414373,8
640,structsplat_quadtree_wse_tensor,SS qt-WSE + tensor,375,26.320714712142944,3.148542766968943,8
640,structsplat_quadtree_wse_tensor,SS qt-WSE + tensor,400,26.523862600326538,3.2122517410254967,8
640,structsplat_quadtree_wse_tensor,SS qt-WSE + tensor,425,26.252740383148193,3.1471757302966634,8
640,structsplat_quadtree_wse_tensor,SS qt-WSE + tensor,450,26.879129648208618,3.2939473071820147,8
640,structsplat_quadtree_wse_tensor,SS qt-WSE + tensor,475,27.095362663269043,3.350338660974353,8
640,structsplat_quadtree_wse_tensor,SS qt-WSE + tensor,499,27.205816745758057,3.4147868263446566,8
640,structsplat_quadtree_wse_tensor_featurecap,SS qt-WSE + tensor feature cap,0,17.171052932739258,1.5321552594446806,8
640,structsplat_quadtree_wse_tensor_featurecap,SS qt-WSE + tensor feature cap,25,20.868577003479004,2.5333976395169304,8
640,structsplat_quadtree_wse_tensor_featurecap,SS qt-WSE + tensor feature cap,50,22.06482219696045,2.6234517402596724,8
640,structsplat_quadtree_wse_tensor_featurecap,SS qt-WSE + tensor feature cap,75,22.718849897384644,2.6963688116132953,8
640,structsplat_quadtree_wse_tensor_featurecap,SS qt-WSE + tensor feature cap,100,23.07978343963623,2.7130204127583974,8
640,structsplat_quadtree_wse_tensor_featurecap,SS qt-WSE + tensor feature cap,125,23.809619665145874,2.8779115773559227,8
640,structsplat_quadtree_wse_tensor_featurecap,SS qt-WSE + tensor feature cap,150,24.218462228775024,2.9262297685841987,8
640,structsplat_quadtree_wse_tensor_featurecap,SS qt-WSE + tensor feature cap,175,23.922353982925415,2.8032374923095276,8
640,structsplat_quadtree_wse_tensor_featurecap,SS qt-WSE + tensor feature cap,200,24.878432512283325,3.0181759326943327,8
640,structsplat_quadtree_wse_tensor_featurecap,SS qt-WSE + tensor feature cap,225,25.282180786132812,3.1160635485557764,8
640,structsplat_quadtree_wse_tensor_featurecap,SS qt-WSE + tensor feature cap,250,22.82433819770813,3.105719364612861,8
640,structsplat_quadtree_wse_tensor_featurecap,SS qt-WSE + tensor feature cap,275,25.60412311553955,3.204545394799118,8
640,structsplat_quadtree_wse_tensor_featurecap,SS qt-WSE + tensor feature cap,300,26.00915765762329,3.2974866760608736,8
640,structsplat_quadtree_wse_tensor_featurecap,SS qt-WSE + tensor feature cap,325,26.207710027694702,3.357962172814762,8
640,structsplat_quadtree_wse_tensor_featurecap,SS qt-WSE + tensor feature cap,350,26.121016263961792,3.331179364970814,8
640,structsplat_quadtree_wse_tensor_featurecap,SS qt-WSE + tensor feature cap,375,26.586942672729492,3.4285711122200233,8
640,structsplat_quadtree_wse_tensor_featurecap,SS qt-WSE + tensor feature cap,400,26.7759051322937,3.502683707507661,8
640,structsplat_quadtree_wse_tensor_featurecap,SS qt-WSE + tensor feature cap,425,26.234083890914917,3.3627021585734114,8
640,structsplat_quadtree_wse_tensor_featurecap,SS qt-WSE + tensor feature cap,450,27.135972023010254,3.5335103186087804,8
640,structsplat_quadtree_wse_tensor_featurecap,SS qt-WSE + tensor feature cap,475,27.36798357963562,3.6141649032535055,8
640,structsplat_quadtree_wse_tensor_featurecap,SS qt-WSE + tensor feature cap,499,27.45534110069275,3.7032493734086795,8
